id,record_id,timestamp,country,year,gdp_per_capita,social_support,healthy_life_expectancy,freedom_to_make_life_choices,generosity,perceptions_of_corruption,actual_score,predicted_score,prediction_error,processing_time_ms,created_at
1,0,2025-11-03 03:02:00,Switzerland,2015,1.39651,1.34951,0.94143,0.66557,0.29678,0.41978,7.587,7.16444,0.422556,24.3115,2025-11-03 03:02:00
2,1,2025-11-03 03:02:00,Iceland,2015,1.30232,1.40223,0.94784,0.62877,0.4363,0.14145,7.561,6.85395,0.707047,0.354767,2025-11-03 03:02:00
3,2,2025-11-03 03:02:00,Denmark,2015,1.32548,1.36058,0.87464,0.64938,0.34139,0.48357,7.527,7.0854,0.441603,0.33927,2025-11-03 03:02:00
4,3,2025-11-03 03:02:01,Norway,2015,1.459,1.33095,0.88521,0.66973,0.34699,0.36503,7.522,7.14171,0.380287,0.349045,2025-11-03 03:02:01
5,4,2025-11-03 03:02:01,Canada,2015,1.32629,1.32261,0.90563,0.63297,0.45811,0.32957,7.427,6.98537,0.441627,0.328779,2025-11-03 03:02:01
6,0,2025-11-03 03:02:36,Switzerland,2015,1.39651,1.34951,0.94143,0.66557,0.29678,0.41978,7.587,7.16444,0.422556,0.302076,2025-11-03 03:02:36
7,1,2025-11-03 03:02:36,Iceland,2015,1.30232,1.40223,0.94784,0.62877,0.4363,0.14145,7.561,6.85395,0.707047,0.360489,2025-11-03 03:02:36
8,2,2025-11-03 03:02:37,Denmark,2015,1.32548,1.36058,0.87464,0.64938,0.34139,0.48357,7.527,7.0854,0.441603,0.34833,2025-11-03 03:02:37
9,3,2025-11-03 03:02:37,Norway,2015,1.459,1.33095,0.88521,0.66973,0.34699,0.36503,7.522,7.14171,0.380287,0.329256,2025-11-03 03:02:37
10,4,2025-11-03 03:02:38,Canada,2015,1.32629,1.32261,0.90563,0.63297,0.45811,0.32957,7.427,6.98537,0.441627,0.318527,2025-11-03 03:02:38
11,5,2025-11-03 03:02:38,Finland,2015,1.29025,1.31826,0.88911,0.64169,0.23351,0.41372,7.406,6.89607,0.509928,0.372171,2025-11-03 03:02:38
12,6,2025-11-03 03:02:39,Netherlands,2015,1.32944,1.28017,0.89284,0.61576,0.4761,0.31814,7.378,6.91968,0.458322,0.37241,2025-11-03 03:02:39
13,7,2025-11-03 03:02:39,Sweden,2015,1.33171,1.28907,0.91087,0.6598,0.36262,0.43844,7.364,7.07053,0.293474,0.388622,2025-11-03 03:02:39
14,8,2025-11-03 03:02:40,New Zealand,2015,1.25018,1.31967,0.90837,0.63938,0.47501,0.42922,7.286,7.02143,0.264572,0.667572,2025-11-03 03:02:40
15,9,2025-11-03 03:02:40,Australia,2015,1.33358,1.30923,0.93156,0.65124,0.43562,0.35637,7.284,7.055,0.229004,0.303745,2025-11-03 03:02:40
16,10,2025-11-03 03:02:41,Israel,2015,1.22857,1.22393,0.91387,0.41319,0.33172,0.07785,7.278,6.15869,1.11931,0.337362,2025-11-03 03:02:41
17,11,2025-11-03 03:02:41,Costa Rica,2015,0.95578,1.23788,0.86027,0.63376,0.25497,0.10583,7.226,6.16,1.066,0.319958,2025-11-03 03:02:41
18,12,2025-11-03 03:02:42,Austria,2015,1.33723,1.29704,0.89042,0.62433,0.33088,0.18676,7.2,6.74144,0.458558,0.341415,2025-11-03 03:02:42
19,13,2025-11-03 03:02:42,Mexico,2015,1.02054,0.91451,0.81444,0.48181,0.14074,0.21312,7.187,5.77086,1.41614,0.462532,2025-11-03 03:02:42
20,14,2025-11-03 03:02:43,United States,2015,1.39451,1.24711,0.86179,0.54604,0.40105,0.1589,7.119,6.6267,0.492304,0.341654,2025-11-03 03:02:43
21,15,2025-11-03 03:02:43,Brazil,2015,0.98124,1.23287,0.69702,0.49049,0.14574,0.17521,6.983,5.78524,1.19776,0.336885,2025-11-03 03:02:43
22,16,2025-11-03 03:02:44,Luxembourg,2015,1.56391,1.21963,0.91894,0.61583,0.28034,0.37798,6.946,7.10725,0.161246,0.335455,2025-11-03 03:02:44
23,17,2025-11-03 03:02:44,Ireland,2015,1.33596,1.36948,0.89533,0.61777,0.45901,0.28703,6.94,6.94914,0.00914365,0.323057,2025-11-03 03:02:44
24,18,2025-11-03 03:02:45,Belgium,2015,1.30782,1.28566,0.89667,0.5845,0.2225,0.2254,6.937,6.62176,0.315239,0.337601,2025-11-03 03:02:45
25,19,2025-11-03 03:02:45,United Arab Emirates,2015,1.42727,1.12575,0.80925,0.64157,0.26428,0.38583,6.901,6.82623,0.0747682,0.304699,2025-11-03 03:02:45
26,20,2025-11-03 03:02:46,United Kingdom,2015,1.26637,1.28548,0.90943,0.59625,0.51912,0.32067,6.867,6.86847,0.00146861,0.340462,2025-11-03 03:02:46
27,21,2025-11-03 03:02:46,Oman,2015,1.36011,1.08182,0.76276,0.63274,0.21542,0.32524,6.853,6.57742,0.275576,0.360489,2025-11-03 03:02:46
28,22,2025-11-03 03:02:47,Venezuela,2015,1.04424,1.25596,0.72052,0.42908,0.05841,0.11069,6.81,5.68135,1.12865,0.424623,2025-11-03 03:02:47
29,23,2025-11-03 03:02:47,Singapore,2015,1.52186,1.02,1.02525,0.54252,0.31105,0.4921,6.798,7.05851,0.260506,0.3438,2025-11-03 03:02:47
30,24,2025-11-03 03:02:48,Panama,2015,1.06353,1.1985,0.79661,0.5421,0.24434,0.0927,6.786,6.01585,0.770146,0.349522,2025-11-03 03:02:48
31,25,2025-11-03 03:02:48,Germany,2015,1.32792,1.29937,0.89186,0.61477,0.28214,0.21843,6.75,6.72233,0.0276671,0.371695,2025-11-03 03:02:48
32,26,2025-11-03 03:02:49,Chile,2015,1.10715,1.12447,0.85857,0.44132,0.33363,0.12869,6.67,6.00356,0.666445,0.329971,2025-11-03 03:02:49
33,27,2025-11-03 03:02:49,Qatar,2015,1.69042,1.0786,0.79733,0.6404,0.32573,0.52208,6.611,7.22864,0.617642,0.369787,2025-11-03 03:02:49
34,28,2025-11-03 03:02:50,France,2015,1.27778,1.26038,0.94579,0.55011,0.12332,0.20646,6.575,6.49642,0.0785796,0.507593,2025-11-03 03:02:50
35,29,2025-11-03 03:02:50,Argentina,2015,1.05351,1.24823,0.78723,0.44974,0.11451,0.08484,6.574,5.79698,0.777023,0.323057,2025-11-03 03:02:50
36,30,2025-11-03 03:02:51,Czech Republic,2015,1.17898,1.20643,0.84483,0.46364,0.10686,0.02652,6.505,5.92727,0.577731,0.361443,2025-11-03 03:02:51
37,31,2025-11-03 03:02:51,Uruguay,2015,1.06166,1.2089,0.8116,0.60362,0.2324,0.24558,6.485,6.27669,0.208305,0.369549,2025-11-03 03:02:51
38,32,2025-11-03 03:02:52,Colombia,2015,0.91861,1.24018,0.69077,0.53466,0.18401,0.0512,6.477,5.68942,0.787585,0.354767,2025-11-03 03:02:52
39,33,2025-11-03 03:02:52,Thailand,2015,0.9669,1.26504,0.7385,0.55664,0.5763,0.03187,6.455,6.04411,0.410894,0.343561,2025-11-03 03:02:52
40,34,2025-11-03 03:02:53,Saudi Arabia,2015,1.39541,1.08393,0.72025,0.31048,0.13706,0.32524,6.411,6.00694,0.404059,0.3407,2025-11-03 03:02:53
41,35,2025-11-03 03:02:53,Spain,2015,1.23011,1.31379,0.95562,0.45951,0.18227,0.06398,6.329,6.23878,0.0902228,0.334024,2025-11-03 03:02:53
42,36,2025-11-03 03:02:54,Malta,2015,1.2074,1.30203,0.88721,0.60365,0.51752,0.13586,6.302,6.62493,0.322929,0.418425,2025-11-03 03:02:54
43,37,2025-11-03 03:02:54,Taiwan,2015,1.29098,1.07617,0.8753,0.3974,0.25376,0.08129,6.298,6.02528,0.272725,0.414371,2025-11-03 03:02:54
44,38,2025-11-03 03:02:55,Kuwait,2015,1.55422,1.16594,0.72492,0.55499,0.16228,0.25609,6.295,6.57502,0.280022,0.355005,2025-11-03 03:02:55
45,39,2025-11-03 03:02:55,Suriname,2015,0.99534,0.972,0.6082,0.59657,0.16991,0.13633,6.269,5.68896,0.580043,0.355959,2025-11-03 03:02:55
46,40,2025-11-03 03:02:56,Trinidad and Tobago,2015,1.21183,1.18354,0.61483,0.55884,0.31844,0.0114,6.168,5.96175,0.206248,0.376463,2025-11-03 03:02:56
47,41,2025-11-03 03:02:56,El Salvador,2015,0.76454,1.02507,0.67737,0.4035,0.10692,0.11776,6.13,5.18468,0.945319,0.344753,2025-11-03 03:02:56
48,42,2025-11-03 03:02:57,Guatemala,2015,0.74553,1.04356,0.64425,0.57733,0.27489,0.09472,6.123,5.49363,0.629375,0.406265,2025-11-03 03:02:57
49,43,2025-11-03 03:02:57,Uzbekistan,2015,0.63244,1.34043,0.59772,0.65821,0.22837,0.30826,6.003,5.82167,0.181333,0.34833,2025-11-03 03:02:57
50,44,2025-11-03 03:02:58,Slovakia,2015,1.16891,1.26999,0.78902,0.31751,0.16893,0.03431,5.995,5.70378,0.291221,0.347853,2025-11-03 03:02:58
51,45,2025-11-03 03:02:58,Japan,2015,1.27074,1.25712,0.99111,0.49615,0.10705,0.1806,5.987,6.41367,0.426675,0.347137,2025-11-03 03:02:58
52,46,2025-11-03 03:02:59,South Korea,2015,1.24461,0.95774,0.96538,0.33208,0.18557,0.07857,5.984,5.85039,0.133613,0.326872,2025-11-03 03:02:59
53,47,2025-11-03 03:02:59,Ecuador,2015,0.86402,0.99903,0.79075,0.48574,0.11541,0.1809,5.975,5.59315,0.381852,0.33617,2025-11-03 03:02:59
54,48,2025-11-03 03:03:00,Bahrain,2015,1.32376,1.21624,0.74716,0.45492,0.17362,0.306,5.96,6.27765,0.317648,0.589132,2025-11-03 03:03:00
55,49,2025-11-03 03:03:00,Italy,2015,1.25114,1.19777,0.95446,0.26236,0.22823,0.02901,5.948,5.86049,0.0875137,0.397444,2025-11-03 03:03:00
56,50,2025-11-03 03:03:01,Bolivia,2015,0.68133,0.97841,0.5392,0.57414,0.20536,0.088,5.89,5.22206,0.667943,0.481129,2025-11-03 03:03:01
57,51,2025-11-03 03:03:01,Moldova,2015,0.59448,1.01528,0.61826,0.32818,0.20951,0.01615,5.889,4.77228,1.11672,0.379562,2025-11-03 03:03:01
58,52,2025-11-03 03:03:02,Paraguay,2015,0.75985,1.30477,0.66098,0.53899,0.3424,0.08242,5.878,5.65532,0.222675,0.356197,2025-11-03 03:03:02
59,53,2025-11-03 03:03:02,Kazakhstan,2015,1.12254,1.12241,0.64368,0.51649,0.11827,0.08454,5.855,5.74863,0.106373,0.345707,2025-11-03 03:03:02
60,54,2025-11-03 03:03:03,Slovenia,2015,1.18498,1.27385,0.87337,0.60855,0.25328,0.03787,5.848,6.33355,0.485547,0.320911,2025-11-03 03:03:03
61,55,2025-11-03 03:03:03,Lithuania,2015,1.14723,1.25745,0.73128,0.21342,0.02641,0.01031,5.833,5.34028,0.492718,0.321388,2025-11-03 03:03:03
62,56,2025-11-03 03:03:04,Nicaragua,2015,0.59325,1.14184,0.74314,0.55475,0.27815,0.19317,5.828,5.55863,0.269375,0.337601,2025-11-03 03:03:04
63,57,2025-11-03 03:03:04,Peru,2015,0.90019,0.97459,0.73017,0.41496,0.14982,0.05989,5.824,5.34012,0.483879,0.344753,2025-11-03 03:03:04
64,58,2025-11-03 03:03:05,Belarus,2015,1.03192,1.23289,0.73608,0.37938,0.11046,0.1909,5.813,5.69665,0.116352,0.320196,2025-11-03 03:03:05
65,59,2025-11-03 03:03:05,Poland,2015,1.12555,1.27948,0.77903,0.53122,0.16759,0.04212,5.791,6.00484,0.213839,0.336409,2025-11-03 03:03:05
66,60,2025-11-03 03:03:06,Malaysia,2015,1.12486,1.07023,0.72394,0.53024,0.33075,0.10501,5.77,5.96455,0.19455,0.331879,2025-11-03 03:03:06
67,61,2025-11-03 03:03:06,Croatia,2015,1.08254,0.79624,0.78805,0.25883,0.05444,0.0243,5.759,5.14347,0.615534,0.319481,2025-11-03 03:03:06
68,62,2025-11-03 03:03:07,Libya,2015,1.13145,1.11862,0.7038,0.41668,0.18295,0.11023,5.754,5.71945,0.0345547,0.313997,2025-11-03 03:03:07
69,63,2025-11-03 03:03:07,Russia,2015,1.13764,1.23617,0.66926,0.36679,0.00199,0.03005,5.716,5.50391,0.212095,0.364304,2025-11-03 03:03:07
70,64,2025-11-03 03:03:08,Jamaica,2015,0.81038,1.15102,0.68741,0.50442,0.2123,0.02299,5.709,5.45408,0.254924,0.334978,2025-11-03 03:03:08
71,65,2025-11-03 03:03:08,North Cyprus,2015,1.20806,1.07008,0.92356,0.49027,0.26169,0.1428,5.695,6.19809,0.503091,0.320673,2025-11-03 03:03:08
72,66,2025-11-03 03:03:09,Cyprus,2015,1.20813,0.89318,0.92356,0.40672,0.30638,0.06146,5.689,5.89824,0.209241,0.322819,2025-11-03 03:03:09
73,67,2025-11-03 03:03:09,Algeria,2015,0.93929,1.07772,0.61766,0.28579,0.07822,0.17383,5.605,5.18881,0.416191,0.334024,2025-11-03 03:03:09
74,68,2025-11-03 03:03:10,Kosovo,2015,0.80148,0.81198,0.63132,0.24749,0.2831,0.04741,5.589,4.81988,0.769124,0.61965,2025-11-03 03:03:10
75,69,2025-11-03 03:03:10,Turkmenistan,2015,0.95847,1.22668,0.53886,0.4761,0.16979,0.30844,5.548,5.70832,0.160324,0.292778,2025-11-03 03:03:10
76,70,2025-11-03 03:03:11,Mauritius,2015,1.00761,0.98521,0.7095,0.56066,0.37744,0.07521,5.477,5.81719,0.340195,0.345707,2025-11-03 03:03:11
77,71,2025-11-03 03:03:11,Hong Kong,2015,1.38604,1.05818,1.01328,0.59608,0.39478,0.37124,5.474,6.94177,1.46777,0.32115,2025-11-03 03:03:11
78,72,2025-11-03 03:03:12,Estonia,2015,1.15174,1.22791,0.77361,0.44888,0.0868,0.15184,5.429,5.92225,0.493246,0.330448,2025-11-03 03:03:12
79,73,2025-11-03 03:03:12,Indonesia,2015,0.82827,1.08708,0.63793,0.46611,0.51535,0.0,5.399,5.46633,0.0673334,0.338316,2025-11-03 03:03:12
80,74,2025-11-03 03:03:13,Vietnam,2015,0.63216,0.91226,0.74676,0.59444,0.1686,0.10441,5.36,5.37611,0.0161134,0.33617,2025-11-03 03:03:13
81,75,2025-11-03 03:03:13,Turkey,2015,1.06098,0.94632,0.73172,0.22815,0.12253,0.15746,5.332,5.27266,0.0593391,0.374079,2025-11-03 03:03:13
82,76,2025-11-03 03:03:14,Kyrgyzstan,2015,0.47428,1.15115,0.65088,0.43477,0.3003,0.04232,5.286,5.01273,0.273271,27.9098,2025-11-03 03:03:14
83,77,2025-11-03 03:03:14,Nigeria,2015,0.65435,0.90432,0.16007,0.34334,0.27233,0.0403,5.268,4.36328,0.904722,0.359297,2025-11-03 03:03:14
84,78,2025-11-03 03:03:15,Bhutan,2015,0.77042,1.10395,0.57407,0.53206,0.47998,0.15445,5.253,5.58347,0.330473,0.331879,2025-11-03 03:03:15
85,79,2025-11-03 03:03:15,Azerbaijan,2015,1.02389,0.93793,0.64045,0.3703,0.07799,0.16065,5.212,5.33867,0.12667,0.308037,2025-11-03 03:03:15
86,80,2025-11-03 03:03:16,Pakistan,2015,0.59543,0.41411,0.51466,0.12102,0.33671,0.10464,5.194,4.10693,1.08707,0.339508,2025-11-03 03:03:16
87,81,2025-11-03 03:03:16,Jordan,2015,0.90198,1.05392,0.69639,0.40661,0.11053,0.14293,5.192,5.40091,0.208912,0.332355,2025-11-03 03:03:16
88,82,2025-11-03 03:03:17,Montenegro,2015,0.97438,0.90557,0.72521,0.1826,0.1614,0.14296,5.192,5.08201,0.109993,0.336885,2025-11-03 03:03:17
89,83,2025-11-03 03:03:17,China,2015,0.89012,0.94675,0.81658,0.51697,0.08185,0.02781,5.14,5.49908,0.359079,0.347137,2025-11-03 03:03:17
90,84,2025-11-03 03:03:18,Zambia,2015,0.47038,0.91612,0.29924,0.48827,0.19591,0.12468,5.129,4.59491,0.534087,0.351429,2025-11-03 03:03:18
91,85,2025-11-03 03:03:18,Romania,2015,1.04345,0.88588,0.7689,0.35068,0.13748,0.00649,5.124,5.31568,0.191678,0.334978,2025-11-03 03:03:18
92,86,2025-11-03 03:03:19,Serbia,2015,0.92053,1.00964,0.74836,0.20107,0.19231,0.02617,5.123,5.04905,0.0739516,0.322819,2025-11-03 03:03:19
93,87,2025-11-03 03:03:19,Portugal,2015,1.15991,1.13935,0.87519,0.51469,0.13719,0.01078,5.102,5.98111,0.879112,0.342607,2025-11-03 03:03:19
94,88,2025-11-03 03:03:20,Latvia,2015,1.11312,1.09562,0.72437,0.29671,0.18226,0.06332,5.098,5.46778,0.369782,0.537872,2025-11-03 03:03:20
95,89,2025-11-03 03:03:20,Philippines,2015,0.70532,1.03516,0.58114,0.62545,0.24991,0.12279,5.073,5.46935,0.396347,0.304937,2025-11-03 03:03:20
96,90,2025-11-03 03:03:21,Somaliland region,2015,0.18847,0.95152,0.43873,0.46582,0.50318,0.39928,5.057,4.86618,0.190818,0.335693,2025-11-03 03:03:21
97,91,2025-11-03 03:03:21,Morocco,2015,0.73479,0.64095,0.60954,0.41691,0.07172,0.08546,5.013,4.80965,0.203347,0.323057,2025-11-03 03:03:21
98,92,2025-11-03 03:03:22,Macedonia,2015,0.91851,1.00232,0.73545,0.33457,0.22359,0.05327,5.007,5.28791,0.280905,0.423431,2025-11-03 03:03:22
99,93,2025-11-03 03:03:22,Mozambique,2015,0.08308,1.02626,0.09131,0.34037,0.22269,0.15603,4.971,3.83743,1.13357,0.318766,2025-11-03 03:03:22
100,94,2025-11-03 03:03:23,Albania,2015,0.87867,0.80434,0.81325,0.35733,0.14272,0.06413,4.959,5.20506,0.246063,0.511885,2025-11-03 03:03:23
101,95,2025-11-03 03:03:23,Bosnia and Herzegovina,2015,0.83223,0.91916,0.79081,0.09245,0.24808,0.00227,4.949,4.77572,0.173275,0.381708,2025-11-03 03:03:23
102,96,2025-11-03 03:03:24,Lesotho,2015,0.37545,1.04103,0.07612,0.31767,0.16388,0.12504,4.898,4.04268,0.855319,0.339985,2025-11-03 03:03:24
103,97,2025-11-03 03:03:24,Dominican Republic,2015,0.89537,1.17202,0.66825,0.57672,0.21684,0.14234,4.885,5.77222,0.887218,0.323296,2025-11-03 03:03:24
104,98,2025-11-03 03:03:25,Laos,2015,0.59066,0.73803,0.54909,0.59591,0.42192,0.24249,4.876,5.29037,0.414373,0.324488,2025-11-03 03:03:25
105,99,2025-11-03 03:03:25,Mongolia,2015,0.82819,1.3006,0.60268,0.43626,0.3323,0.02666,4.874,5.43827,0.56427,0.285387,2025-11-03 03:03:25
106,0,2025-11-03 03:04:05,Switzerland,2015,1.39651,1.34951,0.94143,0.66557,0.29678,0.41978,7.587,7.16444,0.422556,0.354528,2025-11-03 03:04:05
107,1,2025-11-03 03:04:06,Iceland,2015,1.30232,1.40223,0.94784,0.62877,0.4363,0.14145,7.561,6.85395,0.707047,0.351429,2025-11-03 03:04:06
108,2,2025-11-03 03:04:06,Denmark,2015,1.32548,1.36058,0.87464,0.64938,0.34139,0.48357,7.527,7.0854,0.441603,0.344515,2025-11-03 03:04:06
109,3,2025-11-03 03:04:07,Norway,2015,1.459,1.33095,0.88521,0.66973,0.34699,0.36503,7.522,7.14171,0.380287,0.350714,2025-11-03 03:04:07
110,4,2025-11-03 03:04:07,Canada,2015,1.32629,1.32261,0.90563,0.63297,0.45811,0.32957,7.427,6.98537,0.441627,0.735044,2025-11-03 03:04:07
111,5,2025-11-03 03:04:08,Finland,2015,1.29025,1.31826,0.88911,0.64169,0.23351,0.41372,7.406,6.89607,0.509928,0.324011,2025-11-03 03:04:08
112,6,2025-11-03 03:04:08,Netherlands,2015,1.32944,1.28017,0.89284,0.61576,0.4761,0.31814,7.378,6.91968,0.458322,0.317097,2025-11-03 03:04:08
113,7,2025-11-03 03:04:09,Sweden,2015,1.33171,1.28907,0.91087,0.6598,0.36262,0.43844,7.364,7.07053,0.293474,0.337124,2025-11-03 03:04:09
114,8,2025-11-03 03:04:09,New Zealand,2015,1.25018,1.31967,0.90837,0.63938,0.47501,0.42922,7.286,7.02143,0.264572,0.334263,2025-11-03 03:04:09
115,9,2025-11-03 03:04:10,Australia,2015,1.33358,1.30923,0.93156,0.65124,0.43562,0.35637,7.284,7.055,0.229004,2.25735,2025-11-03 03:04:10
116,10,2025-11-03 03:04:10,Israel,2015,1.22857,1.22393,0.91387,0.41319,0.33172,0.07785,7.278,6.15869,1.11931,0.350714,2025-11-03 03:04:10
117,11,2025-11-03 03:04:11,Costa Rica,2015,0.95578,1.23788,0.86027,0.63376,0.25497,0.10583,7.226,6.16,1.066,0.338793,2025-11-03 03:04:11
118,12,2025-11-03 03:04:11,Austria,2015,1.33723,1.29704,0.89042,0.62433,0.33088,0.18676,7.2,6.74144,0.458558,0.362158,2025-11-03 03:04:11
119,13,2025-11-03 03:04:12,Mexico,2015,1.02054,0.91451,0.81444,0.48181,0.14074,0.21312,7.187,5.77086,1.41614,0.361204,2025-11-03 03:04:12
120,14,2025-11-03 03:04:12,United States,2015,1.39451,1.24711,0.86179,0.54604,0.40105,0.1589,7.119,6.6267,0.492304,0.417471,2025-11-03 03:04:12
121,15,2025-11-03 03:04:13,Brazil,2015,0.98124,1.23287,0.69702,0.49049,0.14574,0.17521,6.983,5.78524,1.19776,0.352859,2025-11-03 03:04:13
122,16,2025-11-03 03:04:13,Luxembourg,2015,1.56391,1.21963,0.91894,0.61583,0.28034,0.37798,6.946,7.10725,0.161246,0.329256,2025-11-03 03:04:13
123,17,2025-11-03 03:04:14,Ireland,2015,1.33596,1.36948,0.89533,0.61777,0.45901,0.28703,6.94,6.94914,0.00914365,0.342369,2025-11-03 03:04:14
124,18,2025-11-03 03:04:14,Belgium,2015,1.30782,1.28566,0.89667,0.5845,0.2225,0.2254,6.937,6.62176,0.315239,0.37837,2025-11-03 03:04:14
125,19,2025-11-03 03:04:15,United Arab Emirates,2015,1.42727,1.12575,0.80925,0.64157,0.26428,0.38583,6.901,6.82623,0.0747682,0.3407,2025-11-03 03:04:15
126,20,2025-11-03 03:04:15,United Kingdom,2015,1.26637,1.28548,0.90943,0.59625,0.51912,0.32067,6.867,6.86847,0.00146861,0.357389,2025-11-03 03:04:15
127,21,2025-11-03 03:04:16,Oman,2015,1.36011,1.08182,0.76276,0.63274,0.21542,0.32524,6.853,6.57742,0.275576,0.355005,2025-11-03 03:04:16
128,22,2025-11-03 03:04:16,Venezuela,2015,1.04424,1.25596,0.72052,0.42908,0.05841,0.11069,6.81,5.68135,1.12865,0.328064,2025-11-03 03:04:16
129,23,2025-11-03 03:04:17,Singapore,2015,1.52186,1.02,1.02525,0.54252,0.31105,0.4921,6.798,7.05851,0.260506,0.325441,2025-11-03 03:04:17
130,24,2025-11-03 03:04:17,Panama,2015,1.06353,1.1985,0.79661,0.5421,0.24434,0.0927,6.786,6.01585,0.770146,0.338554,2025-11-03 03:04:17
131,25,2025-11-03 03:04:18,Germany,2015,1.32792,1.29937,0.89186,0.61477,0.28214,0.21843,6.75,6.72233,0.0276671,0.324011,2025-11-03 03:04:18
132,26,2025-11-03 03:04:18,Chile,2015,1.10715,1.12447,0.85857,0.44132,0.33363,0.12869,6.67,6.00356,0.666445,0.342846,2025-11-03 03:04:18
133,27,2025-11-03 03:04:19,Qatar,2015,1.69042,1.0786,0.79733,0.6404,0.32573,0.52208,6.611,7.22864,0.617642,0.336409,2025-11-03 03:04:19
134,28,2025-11-03 03:04:19,France,2015,1.27778,1.26038,0.94579,0.55011,0.12332,0.20646,6.575,6.49642,0.0785796,0.327587,2025-11-03 03:04:19
135,29,2025-11-03 03:04:20,Argentina,2015,1.05351,1.24823,0.78723,0.44974,0.11451,0.08484,6.574,5.79698,0.777023,0.412226,2025-11-03 03:04:20
136,30,2025-11-03 03:04:20,Czech Republic,2015,1.17898,1.20643,0.84483,0.46364,0.10686,0.02652,6.505,5.92727,0.577731,0.334501,2025-11-03 03:04:20
137,31,2025-11-03 03:04:21,Uruguay,2015,1.06166,1.2089,0.8116,0.60362,0.2324,0.24558,6.485,6.27669,0.208305,0.330925,2025-11-03 03:04:21
138,32,2025-11-03 03:04:21,Colombia,2015,0.91861,1.24018,0.69077,0.53466,0.18401,0.0512,6.477,5.68942,0.787585,0.349998,2025-11-03 03:04:21
139,33,2025-11-03 03:04:22,Thailand,2015,0.9669,1.26504,0.7385,0.55664,0.5763,0.03187,6.455,6.04411,0.410894,0.370979,2025-11-03 03:04:22
140,34,2025-11-03 03:04:22,Saudi Arabia,2015,1.39541,1.08393,0.72025,0.31048,0.13706,0.32524,6.411,6.00694,0.404059,0.32711,2025-11-03 03:04:22
141,35,2025-11-03 03:04:23,Spain,2015,1.23011,1.31379,0.95562,0.45951,0.18227,0.06398,6.329,6.23878,0.0902228,0.339985,2025-11-03 03:04:23
142,36,2025-11-03 03:04:23,Malta,2015,1.2074,1.30203,0.88721,0.60365,0.51752,0.13586,6.302,6.62493,0.322929,0.349045,2025-11-03 03:04:23
143,37,2025-11-03 03:04:24,Taiwan,2015,1.29098,1.07617,0.8753,0.3974,0.25376,0.08129,6.298,6.02528,0.272725,0.348091,2025-11-03 03:04:24
144,38,2025-11-03 03:04:24,Kuwait,2015,1.55422,1.16594,0.72492,0.55499,0.16228,0.25609,6.295,6.57502,0.280022,0.349045,2025-11-03 03:04:24
145,39,2025-11-03 03:04:25,Suriname,2015,0.99534,0.972,0.6082,0.59657,0.16991,0.13633,6.269,5.68896,0.580043,0.313759,2025-11-03 03:04:25
146,40,2025-11-03 03:04:25,Trinidad and Tobago,2015,1.21183,1.18354,0.61483,0.55884,0.31844,0.0114,6.168,5.96175,0.206248,0.358105,2025-11-03 03:04:25
147,41,2025-11-03 03:04:26,El Salvador,2015,0.76454,1.02507,0.67737,0.4035,0.10692,0.11776,6.13,5.18468,0.945319,0.319958,2025-11-03 03:04:26
148,42,2025-11-03 03:04:26,Guatemala,2015,0.74553,1.04356,0.64425,0.57733,0.27489,0.09472,6.123,5.49363,0.629375,0.390053,2025-11-03 03:04:26
149,43,2025-11-03 03:04:27,Uzbekistan,2015,0.63244,1.34043,0.59772,0.65821,0.22837,0.30826,6.003,5.82167,0.181333,0.328541,2025-11-03 03:04:27
150,44,2025-11-03 03:04:27,Slovakia,2015,1.16891,1.26999,0.78902,0.31751,0.16893,0.03431,5.995,5.70378,0.291221,0.399113,2025-11-03 03:04:27
151,45,2025-11-03 03:04:28,Japan,2015,1.27074,1.25712,0.99111,0.49615,0.10705,0.1806,5.987,6.41367,0.426675,0.339746,2025-11-03 03:04:28
152,46,2025-11-03 03:04:28,South Korea,2015,1.24461,0.95774,0.96538,0.33208,0.18557,0.07857,5.984,5.85039,0.133613,0.349283,2025-11-03 03:04:28
153,47,2025-11-03 03:04:29,Ecuador,2015,0.86402,0.99903,0.79075,0.48574,0.11541,0.1809,5.975,5.59315,0.381852,0.456095,2025-11-03 03:04:29
154,48,2025-11-03 03:04:29,Bahrain,2015,1.32376,1.21624,0.74716,0.45492,0.17362,0.306,5.96,6.27765,0.317648,0.342131,2025-11-03 03:04:29
155,49,2025-11-03 03:04:30,Italy,2015,1.25114,1.19777,0.95446,0.26236,0.22823,0.02901,5.948,5.86049,0.0875137,0.474453,2025-11-03 03:04:30
156,50,2025-11-03 03:04:30,Bolivia,2015,0.68133,0.97841,0.5392,0.57414,0.20536,0.088,5.89,5.22206,0.667943,0.332594,2025-11-03 03:04:30
157,51,2025-11-03 03:04:31,Moldova,2015,0.59448,1.01528,0.61826,0.32818,0.20951,0.01615,5.889,4.77228,1.11672,0.366926,2025-11-03 03:04:31
158,52,2025-11-03 03:04:31,Paraguay,2015,0.75985,1.30477,0.66098,0.53899,0.3424,0.08242,5.878,5.65532,0.222675,0.368595,2025-11-03 03:04:31
159,53,2025-11-03 03:04:32,Kazakhstan,2015,1.12254,1.12241,0.64368,0.51649,0.11827,0.08454,5.855,5.74863,0.106373,0.411987,2025-11-03 03:04:32
160,54,2025-11-03 03:04:32,Slovenia,2015,1.18498,1.27385,0.87337,0.60855,0.25328,0.03787,5.848,6.33355,0.485547,0.33021,2025-11-03 03:04:32
161,55,2025-11-03 03:04:33,Lithuania,2015,1.14723,1.25745,0.73128,0.21342,0.02641,0.01031,5.833,5.34028,0.492718,0.360012,2025-11-03 03:04:33
162,56,2025-11-03 03:04:33,Nicaragua,2015,0.59325,1.14184,0.74314,0.55475,0.27815,0.19317,5.828,5.55863,0.269375,0.347137,2025-11-03 03:04:33
163,57,2025-11-03 03:04:34,Peru,2015,0.90019,0.97459,0.73017,0.41496,0.14982,0.05989,5.824,5.34012,0.483879,0.368595,2025-11-03 03:04:34
164,58,2025-11-03 03:04:34,Belarus,2015,1.03192,1.23289,0.73608,0.37938,0.11046,0.1909,5.813,5.69665,0.116352,0.446558,2025-11-03 03:04:34
165,59,2025-11-03 03:04:35,Poland,2015,1.12555,1.27948,0.77903,0.53122,0.16759,0.04212,5.791,6.00484,0.213839,0.393391,2025-11-03 03:04:35
166,60,2025-11-03 03:04:35,Malaysia,2015,1.12486,1.07023,0.72394,0.53024,0.33075,0.10501,5.77,5.96455,0.19455,0.38743,2025-11-03 03:04:35
167,61,2025-11-03 03:04:36,Croatia,2015,1.08254,0.79624,0.78805,0.25883,0.05444,0.0243,5.759,5.14347,0.615534,0.368357,2025-11-03 03:04:36
168,62,2025-11-03 03:04:36,Libya,2015,1.13145,1.11862,0.7038,0.41668,0.18295,0.11023,5.754,5.71945,0.0345547,0.405073,2025-11-03 03:04:36
169,63,2025-11-03 03:04:37,Russia,2015,1.13764,1.23617,0.66926,0.36679,0.00199,0.03005,5.716,5.50391,0.212095,0.405312,2025-11-03 03:04:37
170,64,2025-11-03 03:04:37,Jamaica,2015,0.81038,1.15102,0.68741,0.50442,0.2123,0.02299,5.709,5.45408,0.254924,0.347376,2025-11-03 03:04:37
171,65,2025-11-03 03:04:38,North Cyprus,2015,1.20806,1.07008,0.92356,0.49027,0.26169,0.1428,5.695,6.19809,0.503091,0.356913,2025-11-03 03:04:38
172,66,2025-11-03 03:04:38,Cyprus,2015,1.20813,0.89318,0.92356,0.40672,0.30638,0.06146,5.689,5.89824,0.209241,0.345945,2025-11-03 03:04:38
173,67,2025-11-03 03:04:39,Algeria,2015,0.93929,1.07772,0.61766,0.28579,0.07822,0.17383,5.605,5.18881,0.416191,0.43273,2025-11-03 03:04:39
174,68,2025-11-03 03:04:39,Kosovo,2015,0.80148,0.81198,0.63132,0.24749,0.2831,0.04741,5.589,4.81988,0.769124,0.3438,2025-11-03 03:04:39
175,69,2025-11-03 03:04:40,Turkmenistan,2015,0.95847,1.22668,0.53886,0.4761,0.16979,0.30844,5.548,5.70832,0.160324,0.516415,2025-11-03 03:04:40
176,70,2025-11-03 03:04:40,Mauritius,2015,1.00761,0.98521,0.7095,0.56066,0.37744,0.07521,5.477,5.81719,0.340195,0.34523,2025-11-03 03:04:40
177,71,2025-11-03 03:04:41,Hong Kong,2015,1.38604,1.05818,1.01328,0.59608,0.39478,0.37124,5.474,6.94177,1.46777,0.376225,2025-11-03 03:04:41
178,72,2025-11-03 03:04:41,Estonia,2015,1.15174,1.22791,0.77361,0.44888,0.0868,0.15184,5.429,5.92225,0.493246,0.519753,2025-11-03 03:04:41
179,73,2025-11-03 03:04:42,Indonesia,2015,0.82827,1.08708,0.63793,0.46611,0.51535,0.0,5.399,5.46633,0.0673334,0.35882,2025-11-03 03:04:42
180,74,2025-11-03 03:04:42,Vietnam,2015,0.63216,0.91226,0.74676,0.59444,0.1686,0.10441,5.36,5.37611,0.0161134,0.370264,2025-11-03 03:04:42
181,75,2025-11-03 03:04:43,Turkey,2015,1.06098,0.94632,0.73172,0.22815,0.12253,0.15746,5.332,5.27266,0.0593391,0.347137,2025-11-03 03:04:43
182,76,2025-11-03 03:04:43,Kyrgyzstan,2015,0.47428,1.15115,0.65088,0.43477,0.3003,0.04232,5.286,5.01273,0.273271,0.478983,2025-11-03 03:04:43
183,77,2025-11-03 03:04:44,Nigeria,2015,0.65435,0.90432,0.16007,0.34334,0.27233,0.0403,5.268,4.36328,0.904722,0.389576,2025-11-03 03:04:44
184,78,2025-11-03 03:04:44,Bhutan,2015,0.77042,1.10395,0.57407,0.53206,0.47998,0.15445,5.253,5.58347,0.330473,0.337362,2025-11-03 03:04:44
185,79,2025-11-03 03:04:45,Azerbaijan,2015,1.02389,0.93793,0.64045,0.3703,0.07799,0.16065,5.212,5.33867,0.12667,0.32115,2025-11-03 03:04:45
186,80,2025-11-03 03:04:45,Pakistan,2015,0.59543,0.41411,0.51466,0.12102,0.33671,0.10464,5.194,4.10693,1.08707,0.392914,2025-11-03 03:04:45
187,81,2025-11-03 03:04:46,Jordan,2015,0.90198,1.05392,0.69639,0.40661,0.11053,0.14293,5.192,5.40091,0.208912,0.375986,2025-11-03 03:04:46
188,82,2025-11-03 03:04:46,Montenegro,2015,0.97438,0.90557,0.72521,0.1826,0.1614,0.14296,5.192,5.08201,0.109993,0.404835,2025-11-03 03:04:46
189,83,2025-11-03 03:04:47,China,2015,0.89012,0.94675,0.81658,0.51697,0.08185,0.02781,5.14,5.49908,0.359079,0.353336,2025-11-03 03:04:47
190,84,2025-11-03 03:04:47,Zambia,2015,0.47038,0.91612,0.29924,0.48827,0.19591,0.12468,5.129,4.59491,0.534087,0.441551,2025-11-03 03:04:47
191,85,2025-11-03 03:04:48,Romania,2015,1.04345,0.88588,0.7689,0.35068,0.13748,0.00649,5.124,5.31568,0.191678,0.527859,2025-11-03 03:04:48
192,86,2025-11-03 03:04:48,Serbia,2015,0.92053,1.00964,0.74836,0.20107,0.19231,0.02617,5.123,5.04905,0.0739516,0.375748,2025-11-03 03:04:48
193,87,2025-11-03 03:04:49,Portugal,2015,1.15991,1.13935,0.87519,0.51469,0.13719,0.01078,5.102,5.98111,0.879112,0.442028,2025-11-03 03:04:49
194,88,2025-11-03 03:04:49,Latvia,2015,1.11312,1.09562,0.72437,0.29671,0.18226,0.06332,5.098,5.46778,0.369782,0.380993,2025-11-03 03:04:49
195,89,2025-11-03 03:04:50,Philippines,2015,0.70532,1.03516,0.58114,0.62545,0.24991,0.12279,5.073,5.46935,0.396347,0.39959,2025-11-03 03:04:50
196,90,2025-11-03 03:04:50,Somaliland region,2015,0.18847,0.95152,0.43873,0.46582,0.50318,0.39928,5.057,4.86618,0.190818,0.345469,2025-11-03 03:04:50
197,91,2025-11-03 03:04:51,Morocco,2015,0.73479,0.64095,0.60954,0.41691,0.07172,0.08546,5.013,4.80965,0.203347,1.16134,2025-11-03 03:04:51
198,92,2025-11-03 03:04:51,Macedonia,2015,0.91851,1.00232,0.73545,0.33457,0.22359,0.05327,5.007,5.28791,0.280905,0.37384,2025-11-03 03:04:51
199,93,2025-11-03 03:04:52,Mozambique,2015,0.08308,1.02626,0.09131,0.34037,0.22269,0.15603,4.971,3.83743,1.13357,0.405312,2025-11-03 03:04:52
200,94,2025-11-03 03:04:52,Albania,2015,0.87867,0.80434,0.81325,0.35733,0.14272,0.06413,4.959,5.20506,0.246063,0.406742,2025-11-03 03:04:52
201,95,2025-11-03 03:04:53,Bosnia and Herzegovina,2015,0.83223,0.91916,0.79081,0.09245,0.24808,0.00227,4.949,4.77572,0.173275,0.365496,2025-11-03 03:04:53
202,96,2025-11-03 03:04:53,Lesotho,2015,0.37545,1.04103,0.07612,0.31767,0.16388,0.12504,4.898,4.04268,0.855319,0.342607,2025-11-03 03:04:53
203,97,2025-11-03 03:04:54,Dominican Republic,2015,0.89537,1.17202,0.66825,0.57672,0.21684,0.14234,4.885,5.77222,0.887218,0.387907,2025-11-03 03:04:54
204,98,2025-11-03 03:04:54,Laos,2015,0.59066,0.73803,0.54909,0.59591,0.42192,0.24249,4.876,5.29037,0.414373,0.357866,2025-11-03 03:04:54
205,99,2025-11-03 03:04:55,Mongolia,2015,0.82819,1.3006,0.60268,0.43626,0.3323,0.02666,4.874,5.43827,0.56427,0.325203,2025-11-03 03:04:55
